Current_Code,Current_Name,Current_NameVi,Action,New_Code,New_Name,New_NameEn,New_NameVi,New_NameZh,Notes
BOD,BOD,BOD,UPDATE,BOD,BOD-Ban giám đốc,Board of Director,Ban giám đốc,,No code change
HCNS,HCNS,HCNS,UPDATE,HR,HR-HCNS (Hành chính Nhân sự),Human Resource Dept.,HCNS (Hành chính Nhân sự),,Code change HCNS → HR
KINH_DOANH,Kinh doanh,Kinh doanh,UPDATE,SD,SD-Kinh doanh,Sales Dept.,Kinh doanh,,Code change KINH_DOANH → SD
KE_TOAN,Kế toán,Kế toán,UPDATE,AC,AC-Kế toán,Accounting Dept.,Kế toán,,Code change KE_TOAN → AC
THU_MUA,Thu mua,Thu mua,UPDATE,PUR,PUR-Thu mua,Purchasing Dept.,Thu mua,,Code change THU_MUA → PUR
IT,Phòng thông tin,Phòng thông tin,UPDATE,IT,IT-Thông tin,Information Technology,Thông tin,,No code change; nameVi updated
XNK,Xuất nhập khẩu,Xuất nhập khẩu,UPDATE,SHD,SHD-Xuất nhập khẩu,Shipping Dept.,Xuất nhập khẩu,,Code change XNK → SHD
PMC,PMC,PMC,UPDATE,PMC,PMC-Kế hoạch sản xuất,Production Material Control,Kế hoạch sản xuất,,No code change; nameVi updated
QA,QA,QA,UPDATE,QA,QA-QA,Quality Assurance,QA,,No code change
KHO,Kho,Kho,UPDATE,WH,WH-Kho,Warehouse Dept.,Kho,,Code change KHO → WH
CONG_TRINH,Công trình,Công trình,UPDATE,EG,EG-Công trình,Engineering Dept.,Công trình,,Code change CONG_TRINH → EG
CONG_TRINH_DU_AN,Công trình dự án,Công trình dự án,UPDATE,IE,IE-Công trình dự án,Industry Engineering Dept.,Công trình dự án,,Code change CONG_TRINH_DU_AN → IE
BOC_SOI,Bọc sợi,Bọc sợi,UPDATE,CV,CV-Bọc sợi,Covering,Bọc sợi,,Code change BOC_SOI → CV
KEO_SOI,Kéo sợi,Kéo sợi,UPDATE,WD,WD-Kéo sợi,Warping Dept.,Kéo sợi,,Code change KEO_SOI → WD
CONG_NGHE,Công nghệ,Công nghệ,UPDATE,V-Tech,V-Tech-Công nghệ,Technology Dept.,Công nghệ,,Code change CONG_NGHE → V-Tech; English name added
DET_DAI,Dệt đai,Dệt đai,UPDATE,WV,WV-Dệt đai,Elastic Weaving Dept.,Dệt đai,,Code change DET_DAI → WV
NHUOM_DAI,Nhuộm đai,Nhuộm đai,UPDATE,DF,DF-Nhuộm đai,Elastic Dyeing,Nhuộm đai,,Code change NHUOM_DAI → DF
QC_DAI,QC đai,QC đai,UPDATE,QC(E),QC(E)-QC đai,Elastic Quality Control,QC đai,,Code change QC_DAI → QC(E)
DET_DOC,Dệt dọc,Dệt dọc,UPDATE,WA,WA-Dệt dọc,Warping & Knitting Dept.,Dệt dọc,,Code change DET_DOC → WA
DET_NGANG,Dệt ngang,Dệt ngang,UPDATE,WK,WK-Dệt ngang,Weft Knitting Dept.,Dệt ngang,,Code change DET_NGANG → WK
PHONG_THI_NGHIEM,Phòng thí nghiệm,Phòng thí nghiệm,UPDATE,LAB,LAB-Thí nghiệm,Laboratory,Thí nghiệm,,Code change PHONG_THI_NGHIEM → LAB
NHUOM_VAI,Nhuộm vải,Nhuộm vải,UPDATE,DH,DH-Nhuộm vải,Fabric Dyeing,Nhuộm vải,,Code change NHUOM_VAI → DH
DINH_HINH,Định hình,Định hình,UPDATE,SS,SS-Định hình,Scouring and Setting,Định hình,,Code change DINH_HINH → SS
QC_VAI,QC vải,QC vải,UPDATE,QC(F),QC(F)-QC vải,Fabric Quality Control,QC vải,,Code change QC_VAI → QC(F)
IN_HOA,In hoa,In hoa,UPDATE,PT,PT-In hoa,Printing Dept.,In hoa,,Code change IN_HOA → PT
LTB,LTB,LTB,UPDATE,LTB(F),LTB(F)-LTB vải,Fabric Little to bulk,LTB vải,,Code change LTB → LTB(F); nameVi updated
LTB_DAI,LTB đai,LTB đai,UPDATE,LTB(E),LTB(E)-LTB đai,Elastic Little to bulk,LTB đai,,Code change LTB_DAI → LTB(E)
PHONG_KIEM_NGHIEM,Phòng kiểm nghiệm,Phòng kiểm nghiệm,UPDATE,TL,TL-Kiểm nghiệm,Testing Laboratory,Kiểm nghiệm,,Code change PHONG_KIEM_NGHIEM → TL
NC_PT_VAI,Nghiên cứu phát triển vải,Nghiên cứu phát triển vải,UPDATE,RD,RD-Nghiên cứu và phát triển,Research and Development,Nghiên cứu và phát triển,,Code change NC_PT_VAI → RD; nameVi updated
GIAI_DOAN_TRUOC_NHUOM_SOI,Giai đoạn trước nhuộm sợi,Giai đoạn trước nhuộm sợi,UPDATE,PW,PW-GĐ Trước nhuộm sợi,Preceding & Weaving,GĐ Trước nhuộm sợi,,Code change GIAI_DOAN_TRUOC_NHUOM_SOI → PW
GIAI_DOAN_SAU_NHUOM_SOI,Giai đoạn sau nhuộm sợi,Giai đoạn sau nhuộm sợi,UPDATE,YDF,YDF-Nhuộm sợi,Yarn Weaving and Finishing,Nhuộm sợi,,Code change GIAI_DOAN_SAU_NHUOM_SOI → YDF
(none),(none),(none),CREATE,DCC,DCC-Kiểm soát văn kiện,Document Control Center,Kiểm soát văn kiện,,Create if doesn't exist
PTVL,Phát triển vật liệu,Phát triển vật liệu,REVIEW,PTVL,Phát triển vật liệu,Material Development Dept.,Phát triển vật liệu,,NOT in official list; needs review
PHONG_MAU,Phòng mẫu,Phòng mẫu,REVIEW,PHONG_MAU,Phòng mẫu,Sample Room,Phòng mẫu,,NOT in official list; needs review
SAN_XUAT,Sản xuất,Sản xuất,REVIEW,SAN_XUAT,Sản xuất,Production Department,Sản xuất,,NOT in official list; needs review
DET_NGANG_S,Dệt ngang - S,Dệt ngang - S,REVIEW,DET_NGANG_S,Dệt ngang - S,Weft Knitting Department - S,Dệt ngang - S,,NOT in official list; sub-dept?
CN_HUNG_YEN_DET_NGANG,Chi nhánh Hưng Yên - Dệt ngang,Chi nhánh Hưng Yên - Dệt ngang,REVIEW,CN_HUNG_YEN_DET_NGANG,Chi nhánh Hưng Yên - Dệt ngang,Weft Knitting Department - Hung Yen Branch,Chi nhánh Hưng Yên - Dệt ngang,,NOT in official list; branch office
CN_NGHE_AN_2_DET_NGANG,Chi nhánh Nghệ An 2 - Dệt ngang,Chi nhánh Nghệ An 2 - Dệt ngang,REVIEW,CN_NGHE_AN_2_DET_NGANG,Chi nhánh Nghệ An 2 - Dệt ngang,Weft Knitting Department - Nghe An 2 Branch,Chi nhánh Nghệ An 2 - Dệt ngang,,NOT in official list; branch office
CN_HUNG_YEN_DET_DAI,Chi nhánh Hưng Yên - Dệt đai,Chi nhánh Hưng Yên - Dệt đai,REVIEW,CN_HUNG_YEN_DET_DAI,Chi nhánh Hưng Yên - Dệt đai,Weaving Machine Department - Hung Yen Branch,Chi nhánh Hưng Yên - Dệt đai,,NOT in official list; branch office
MG,MG,MG,REVIEW,MG,MG,MG,MG,,NOT in official list; unknown department
